sci_nam,gene_name,position_start,position_end,sequence,accession_version,create_date,download_date
Picoides tridactylus,ND2,1048,1430,tgaaggtttgactccctcccctactaatgaacccctatgcaaaactaatcacactaacaagcctcatccttggaaccactatcacaatctccagcaaccactgggccatagcctgagccggcctagaaatcaacaccattgctatcattcccataatttcaaaatcccaccacccccgagccattgaagcagcagtcaaatactttttagtccaagcaactgcctccgcctctatcctgttctcaagcctaattaacgcttgatcccacggccaatgggacatcacccaactcaccaatcctacatcatgtctcctcctcacaatagcaatcgccatgaaactgggcctagcaccattccacttctgattcccagaagtgctt,AH011288.2,20-Dec-01,03/12/2018
Picoides tridactylus,ND2,1052,1434,tgaaggtttgactccctcccctactaatgaacccctatgcaaaactaatcacactaacaagcctcatccttggaaccactatcacaatctccagcaaccactgggccatagcctgagccggcctagaaatcaacaccattgctatcattcccataatttcaaaaccccaccacccccgagccattgaagcagcagtcaaatactttttagtccaagcaactgcctccgcctctatcctgttctcaagcctaattaacgcttgatcccacggccaatgggacatcacccaactcaccaatcctacatcatgtctcctcctcacaatagcaatcgccatgaaactgggcctagcaccattccacttctgattcccagaagtgctt,AH011281.2,20-Dec-01,03/12/2018
Picoides tridactylus,ND2,1039,1420,gaaggtttgactccctcccctactaatgaacccctatgcaaaactaatcacactaacaagcctcatccttggaaccactatcacaatctccagcaaccactgggccatagcctgagccggcctagaaatcaacaccattgctatcattcccataatttcaaaatcccaccatccccgagccattgaagcagcagtcaaatactttttagtccaagcaactgcctccgcctctatcctgttctcaagcctaattaacgcttgatcccacggccaatgggacatcacccaactcaccaatcctacatcatgtctcctcctcacaatagcaatcgccatgaaactgggcctagcaccattccacttctgattcccagaagtgctt,AH011294.2,20-Dec-01,03/12/2018
Picoides tridactylus,ND2,1052,1434,tgaaggtttgactccctcccctactaatgaacccctatgcaaaactaatcacactaacaagcctcatccttggaaccactatcacaatctccagcaaccactgggccatagcctgagccggcctagaaatcaacaccattgctatcattcccataatttcaaaatcccaccacccccgagccattgaagcagcagtcaaatactttttagtccaagcaactgcctccgcctctatcctgttctcaagcctaattaacgcttgatcccacggccaatgggacatcacccaactcaccaatcctacatcatgtctcctcctcacaatagcaatcgccatgaaactgggcctagcaccattccacttctgattcccagaagtgctt,AH011282.2,20-Dec-01,03/12/2018
Picoides tridactylus,ND2,1052,1415,tgaaggtttgactccctcccctactaatgaacccctatgcaaaactaatcacactaacaagcctcatccttggaaccactatcacaatctccagcaaccactgggccatagcctgagccggcctagaaatcaacaccattgctatcattcccataatttcaaaatcccaccacccccgagccattgaagcagcagtcaaatactttttagtccaagcaactgcctccgcctctatcctgttctcaagcctaattaacgcttgatcccacggccaatgggacatcacccaactcaccaatcctacatcatgtctcctcctcacaatagcaatcgccatgaaactgggcctagcaccattccactt,AH011273.2,20-Dec-01,03/12/2018
Picoides tridactylus,ND2,1052,1434,cgaaggtttgactccttcccctactaatgaacccctatgcaaaactaatcacactaacgagcctcatccttggaaccactatcacaatctccagcaaccactgggccatagcctgagccggcctggaaatcaacaccattgctatcatccccataatctcaaaatcccatcacccccgagccattgaagccgcagtcaaatactttctagtccaagcaactgcctccgcctctatcctgttctcaagcttaattaacgcttgatcccacggccaatgagacatcacccaactcaccaaccctacatcatgtctcctcctcacaatagcaatcgccataaaactgggtctagcaccattccacttctgattcccagaagtgctt,AH011293.2,20-Dec-01,03/12/2018
Picoides tridactylus,ND2,1052,1434,tgaaggtttgactccctcccctactaatgaacccctatgcaaaactaatcacactaacaagcctcatccttggaaccactatcacaatctccagcaaccactgggccatagcctgagccggcctagaaatcaacaccattgctatcattcccataatttcaaaatcccaccacccccgagccattgaagcagcagtcaaatactttttagtccaagcaactgcctccgcctctatcctgttctcaagcctaattaacgcttgatcccacggccaatgggacatcacccaactcaccaatcctacatcatgtctcctcctcacaatagcaatcgccatgaaactgggcctagcaccattccacttctgattcccagaagtgctt,AH011277.2,20-Dec-01,03/12/2018
Picoides tridactylus,ND2,1052,1409,aatgaacccctatgcaaaactaatcacactaacaagcctcatccttggaaccactatcacaatctccagcaaccactgggccatagcctgagccggcctagaaatcaacaccattgctatcattcccataatttcaaaatcccaccacccccgagccattgaagcagcagtcaaatactttttagtccaagcaactgcctccgcctctatcctgttctcaagcctaattaacgcttgatcccacggccaatgggacatcacccaactcaccaatcctacatcatgtctcctcctcacaatagcaatcgccatgaaactgggcctagcaccattccacttctgattcccagaagtgctt,AH011272.2,20-Dec-01,03/12/2018
Picoides tridactylus,ND2,1052,1434,tgaaggtttgactccctcccctactaatgaacccctatgcaaaactaatcacactaacaagcctcatccttggaaccactatcacaatctccagcaaccactgggccatagcctgagccggcctagaaatcaacaccattgctatcattcccataatttcaaaatcccaccacccccgagccattgaagcagcagtcaaatactttttagtccaagcaactgcctccgcctctatcctgttctcaagcctaattaacgcttgatcccacggccaatgggacatcacccaactcaccaatcctacatcatgtctcctcctcacaatagcaatcgccatgaaactgggcctagcaccattccacttctgattcccagaagtgctt,AH011274.2,20-Dec-01,03/12/2018
Picoides tridactylus,ND2,1052,1434,tgaaggtttgactccctcccctactaatgaacccctatgcaaaactaatcacactaacaagcctcatccttggaaccactatcacaatctccagcaaccactgggccatagcctgagccggcctagaaatcaacaccattgctatcattcccataatttcaaaatcccaccacccccgagccattgaagcagcagtcaaatactttttagtccaagcaactgcctccgcctctatcctgttctcaagcctaattaacgcttgatcccacggccaatgggacatcacccaactcaccaatcctacatcatgtctcctcctcacaatagcaatcgccatgaaactgggcctagcaccattccacttctgattcccagaagtgctt,AH011275.2,20-Dec-01,03/12/2018
Picoides tridactylus,ND2,1049,1430,gaaggttngactccttcccctactagtgaacccctatgcaaaactaatcacactaacgagcctcatccttggaaccactatcacaatctccagcaaccactgggccatagcctgagccggcctggaaatcaacaccattgctatcatccccataatctcaaaatcccatcacccccgagccattgaagccgcagtcaaatactttctagtccaagcaactgcctccgcctctatcctgttctcaagcttaattaacgcttgatcccacggccaatgagacatcacccaactcaccaaccctacatcatgtctcctcctcacaatagcaatcgccataaaactgggtctagcaccattccacttctgattcccagaagtgctt,AH011295.2,20-Dec-01,03/12/2018
Picoides tridactylus,ND2,992,1374,tgaaggtttgactccctcccctactaatgaacccctatgcaaaactaatcacactaacaagcctcatccttggaaccactatcacaatctccagcaaccactgggccatagcctgagccggcctagaaatcaacaccattgctatcattcccataatttcaaaatcccaccacccccgagccattgaagcagcagtcaaatactttttagtccaagcaactgcctccgcctctatcctgttctcaagcctaattaacgcttgatcccacggccaatgggacatcacccaactcaccaatcctacatcatgtctcctcctcacaatagcaatcgccatgaaactgggcctagcaccattccacttctgattcccagaagtgctt,AH011276.2,20-Dec-01,03/12/2018
Picoides tridactylus,ND2,1052,1434,tgaaggtttgactccctcccctactaatgaacccctatgcaaaactaatcacactaacaagcctcatccttggaaccactatcacaatctccagcaaccactgggccatagcctgagccggcctagaaatcaacaccattgctatcattcccataatttcaaaatcccaccacccccgagccattgaagcagcagtcaaatactttttagtccaagcaactgcctccgcctctatcctgttctcaagcctaattaacgcttgatcccacggccaatgggacatcacccaactcaccaatcctacatcatgtctcctcctcacaatagcaatcgccatgaaactgggcctagcaccattccacttctgattcccagaagtgctt,AH011286.2,20-Dec-01,03/12/2018
Picoides tridactylus,ND2,1052,1434,tgaaggtttgactccctcccctactaatgaacccctatgcaaaactaatcacactaacaagcctcatccttggaaccactatcacaatctccagcaaccactgggccatagcctgagccggcctagaaatcaacaccattgctatcattcccataatttcaaaatcccaccacccccgagccattgaagcagcagtcaaatactttttagtccaagcaactgcctccgcctctatcctgttctcaagcctaattaacgcttgatcccacggccaatgggacatcacccaactcaccaatcctacatcatgtctcctcctcacaatagcaatcgccatgaaactgggcctagcaccattccacttctgattcccagaagtgctt,AH011269.2,20-Dec-01,03/12/2018
Picoides tridactylus,ND2,1049,1431,cgaaggtttgactccttcccctactaatgaacccctatgcaaaactaatcacactaacgagcctcatccttggaaccactatcacaatctccagcaaccactgggccatagcctgagccggcctggaaatcaacaccattgctatcatccccataatctcaaaatcccatcacccccgagccattgaagccgcagtcaaatactttctagtccaagcaactgcctccgcctctatcctgttctcaagcttaattaacgcttgatcccacggccaatgagacatcacccaactcaccaaccctacatcatgtctcctcctcacaatagcaatcgccataaaactgggtctagcaccattccacttctgattcccagaagtgctt,AH011290.2,20-Dec-01,03/12/2018
Picoides tridactylus,ND2,1052,1434,tgaaggtttgactccctcccctactaatgaacccctatgcaaaactaatcacactaacaagcctcatccttggaaccactatcacaatctccagcaaccactgggccatagcctgagccggcctagaaatcaacaccattgctatcattcccataatttcaaaatcccaccacccccgagccattgaagcagcagtcaaatactttttagtccaagcaactgcctccgcctctatcctgttctcaagcctaattaacgcttgatcccacggccaatgggacatcacccaactcaccaatcctacatcatgtctcctcctcacaatagcaatcgccatgaaactgggcctagcaccattccacttctgattcccagaagtgctt,AH011270.2,20-Dec-01,03/12/2018
Picoides tridactylus,ND2,1052,1434,cgaaggtttgactccttcccctactaatgaacccctatgcaaaactaatcacactaacgagcctcatccttggaaccactatcacaatctccagcaaccactgggccatagcctgagccggcctggaaatcaacaccattgctatcatccccataatctcaaaatcccatcacccccgagccattgaagccgcagtcaaatactttctagtccaagcaactgcctccgcctctatcctgttctcaagcttaattaacgcttgatcccacggccaatgagacatcacccaactcaccaaccctacatcatgtctcctcctcacaatagcaatcgccataaaactgggtctagcaccattccacttctgattcccagaagtgctt,AH011291.2,20-Dec-01,03/12/2018
Picoides tridactylus,ND2,1052,1434,tgaaggtttgactccctcccctactaatgaacccctatgcaaaactaatcacactaacaagcctcatccttggaaccactatcacaatctccagcaaccactgggccatagcctgagccggcctagaaatcaacaccattgctatcattcccataatttcaaaatcccaccacccccgagccattgaagcagcagtcaaatactttttagtccaagcaactgcctccgcctctatcctgttctcaagcctaattaacgcttgatcccacggccaatgggacatcacccaactcaccaatcctacatcatgtctcctcctcacaatagcaatcgccatgaaactgggcctagcaccattccacttctgattcccagaagtgctt,AH011284.2,20-Dec-01,03/12/2018
Picoides tridactylus,ND2,1049,1427,tgaaggtttgactccttcccctactaatgaacccctatgcaaaactaatcacactaacgagcctcatccttggaaccactatcacaatctccagcaaccactgggccatagcctgagccggcctggaaatcaacaccattgctatcatccccataatctcaaaatcccatcacccccgagccattgaagccgcagtcaaatactttctagtccaagcaactgcctccgcctctatcctgttctcaagcttaattaacgcttgatcccacggccaatgagacatcacccaactcaccaaccctacatcatgtctcctcctcacaatagcaatcgccataaaactgggtctagcaccattccacttctgattcccagaagt,AH011296.2,20-Dec-01,03/12/2018
Picoides tridactylus,ND2,1052,1433,gaaggtttgactccctcccctactaatgaacccctatgcaaaactaatcacactaacaagcctcatccttggaaccactatcacaatctccagcaaccactgggccatagcctgagccggcctagaaatcaacaccattgctatcattcccataatttcaaaatcccaccacccccgagccattgaagcagcagtcaaatactttttagtccaagcaactgcctccgcctctatcctgttctcaagcctaattaacgcttgatcccacggccaatgggacatcacccaactcaccaatcctacatcatgtctcctcctcacaatagcaatcgccataaaactgggcctagcaccattccacttctgattcccagaagtgctt,AH011271.2,20-Dec-01,03/12/2018
Picoides tridactylus,ND2,1,1036,cccctatgcaaaactaatcacactaacaagcctcatccttggaaccactatcacaatctccagcaaccactgggccatagcctgagccggcctagaaatcaacaccattgctatcattcccataatttcaaaatcccaccacccccgagccattgaagcagcagtcaaatactttttagtccaagcaactgcctccgcctctatcctgttctcaagcctaattaacgcttgatcccacggccaatgggacatcacccaactcaccaatcctacatcatgtctcctcctcacaatagcaatcgccatgaaactgggcctagcaccattccacttctgatttccagaagtactccaaggctcatcactgactaccgcactcttactatcaacaataataaaatttccccccatcgtcatcctcctactcacatccaactccctcaacccttctcttctaaccctcatggccattacatcagccgccctggggggctgaataggcctcaaccagactcaaatccgaaagatcttagctttctcctccatctcccacctaggatgaataaccatcatcatcatctacacccccaaactcaccctcctcacctttctactctacactctcataacctcagcaatcttcctctctctcagctcatcccacatcacaaaactatccacactactaacatcatgaacaaaatccccaatactcaacacaaccctcatgctaaccctcctctcccttgccggcctaccccccttcattggcttcctacccaaatgactcatcatccaagagctgaccaaacaggaaataacccccacagctttagccatcgccctcctatctctactaggcctgttcttctacctccgccttacttacttctcatccattacactcccccccaactcaaccaaccaaataaaacactgatacatcaacaaaaacactagccctctgatcgccatcttagcctccctatcagccctcctcctccccctctcccccctaatcctacccactatttag,DQ188164.1,06-Sep-06,03/12/2018
Picoides tridactylus,ND2,1052,1434,cgaaggtttgactccttcccctactaatgaacccctatgcaaaactaatcacactaacgagcctcatccttggaaccactatcacaatctccagcaaccactgggccatagcctgagccggcctggaaatcaacaccattgctatcatccccataatctcaaaatcccatcacccccgagccattgaagccgcagtcaaatactttctagtccaagcaactgcctccgcctctatcctgttctcaagcttaattaacgcttgatcccacggccaatgagacatcacccaactcaccaaccctacatcatgtctcctcctcacaatagcaatcgccataaaactgggtctagcaccattccacttctgattcccagaagtgctt,AH011292.2,20-Dec-01,03/12/2018
Picoides tridactylus,ND2,1052,1434,tgaaggtttgactccctcccctactaatgaacccctatgcaaaactaatcacactaacaagcctcatccttggaaccactatcacaatctccagcaaccactgggccatagcctgagccggcctagaaatcaacaccattgctatcattcccataatttcaaaatcccaccacccccgagccattgaagcagcagtcaaatactttttagtccaagcaactgcctccgcctctatcctgttctcaagcctaattaacgcttgatcccacggccaatgggacatcacccaactcaccaatcctacatcatgtctcctcctcacaatagcaatcgccatgaaactgggcctagcaccattccacttctgattcccagaagtgctt,AH011278.2,20-Dec-01,03/12/2018
Picoides tridactylus,ND2,1052,1434,cgaaggtttgactccttcccctactaatgaacccctatgcaaaactaatcacactaacgagcctcatccttggaaccactatcacaatctccagcaaccactgggccatagcctgagccggcctggaaatcaacaccattgctatcatccccataatctcaaaatcccatcacccccgagccattgaagccgcagtcaaatactttctagtccaagcaactgcctccgcctctatcctgttctcaagcttaattaacgcttgatcccacggccaatgagacatcacccaactcaccaaccctacatcatgtctcctcctcacaatagcaatcgccataaaactgggtctagcaccattccacttctgattcccagaagtgctt,AH011289.2,20-Dec-01,03/12/2018
Picoides tridactylus,ND2,1051,1419,tgaaggtttgactccctcccctactaatgaacccctatgcaaaactaatcacactaacaagcctcatccttggaaccactatcacaatctccagcaaccactgggccatagcctgagccggcctagaaatcaacaccattgctatcattcccataatttcaaaatcccaccacccccgagccattgaagcagcagtcaaatactttttagtccaagcaactgcctccgcctctatcctgttctcaagcctaattaacgcttgatcccacggccaatgggacatcacccaactcaccaatcctacatcatgtctcctcctcacaatagcaatcgccatgaaactgggcctagcaccattccacttctgat,AH011279.2,20-Dec-01,03/12/2018
Picoides tridactylus,ND2,1050,1432,tgaaggtttgactccttcccctactaatgaacccctatgcaaaactaatcacactaacgagcctcatccttggaaccactatcacaatctccagcaaccactgggccatagcctgagccggcctggaaatcaacaccattgctatcatccccataatctcaaaatcccatcacccccgagccattgaagccgcagtcaaatactttctagtccaagcaactgcctccgcctctatcctgttctcaagcttaattaacgcttgatcccacggccaatgagacatcacccaactcaccaaccctacatcatgtctcctcctcacaatagcaatcgccataaaactgggtctagcaccattccacttctgattcccagaagtgttt,AH011297.2,20-Dec-01,03/12/2018
Picoides tridactylus,ND2,1052,1434,tgaaggtttgactccctcccctactaatgaacccctatgcaaaactaatcacactaacaagcctcatccttggaaccactatcacaatctccagcaaccactgggccatagcctgagccggcctagaaatcaacaccattgctatcattcccataatttcaaaatcccaccacccccgagccattgaagcagcagtcaaatactttttagtccaagcaactgcctccgcctctatcctgttctcaagcctaattaacgcttgatcccacggccaatgggacatcacccaactcaccaatcctacatcatgtctcctcctcacaatagcaatcgccatgaaactgggcctagcaccattccacttctgattcccagaagtgctt,AH011280.2,20-Dec-01,03/12/2018
Picoides tridactylus,ND2,1052,1423,ctccctcccctactaatgaacccctatgcaaaactaatcacactaacaagcctcatccttggaaccactatcacaatctccagcaaccactgggccatagcctgagccggcctagaaatcaacaccattgctatcattcccataatttcaaaatcccaccacccccgagccattgaagcagcagtcaaatactttttagtccaagcaactgcctccgcctctatcctgttctcaagcctaattaacgcttgatcccacggccaatgggacatcacccaactcaccaatcctacatcatgtctcctcctcacaatagcaatcgccatgaaactgggcctagcaccattccacttctgattcccagaagtgctt,AH011287.2,20-Dec-01,03/12/2018
Picoides tridactylus,ND2,1052,1414,tgaaggtttgactccctcccctactaatgaacccctatgcaaaactaatcacactaacaagcctcatccttggaaccactatcacaatctccagcaaccactgggccatagcctgagccggcctagaaatcaacaccattgctatcattcccataatttcaaaatcccaccacccccgagccattgaagcagcagtcaaatactttttagtccaagcaactgcctccgcctctatcctgttctcaagcctaattaacgcttgatcccacggccaatgggacatcacccaactcaccaatcctacatcatgtctcctcctcacaatagcaatcgccatgaaactgggcctagcaccattccact,AH011283.2,20-Dec-01,03/12/2018
Picoides tridactylus,ND2,1051,1433,tgaaggtttgactccctcccctactaatgaacccctatgcaaaactaatcacactaacaagcctcatccttggaaccactatcacaatctccagcaaccactgggccatagcctgagccggcctagaaatcaacaccattgctatcattcccataatttcaaaatcccaccacccccgagccattgaagcagcagtcaaatactttttagtccaagcaactgcctccgcctctatcctgttctcaagcctaattaacgcttgatcccacggccaatgggacatcacccaactcaccaatcctacatcatgtctcctcctcacaatagcaatcgccatgaaactgggcctagcaccattccacttctgattcccagaagtgctt,AH011285.2,20-Dec-01,03/12/2018
